编号,图标预览,中文名,英文名,图标来源,图标集,场景章节,隐喻含义,建议用法,中文关键词,英文关键词,所在PPT页码,所在PPT分类,Office改色状态,授权提示
STRAT-001,,通用2x2矩阵,Matrix2x2,原创设计·几何抽象,PPT图标语义库·咨询框架包,01_战略框架,横纵两轴划出四个象限是战略分析的最基本结构,用于任何二维分类：高/低、强/弱、紧急/重要等场景,2x2 / 矩阵 / 象限 / 战略矩阵,"matrix, 2x2, quadrant",3,01_战略框架,"已完成 (PowerPoint 原生 custGeom 形状, Shape Fill 直接改色)",原创设计 · 几何抽象 · 通用商业框架概念 · 非复制任何特定咨询机构视觉资产
STRAT-002,,明星象限,StarQuadrant,原创设计·几何抽象,PPT图标语义库·咨询框架包,01_战略框架,右上象限通常代表高吸引力高竞争力的明星位置,用于标记业务组合中的优势单元,明星 / 右上象限 / 高潜,"star, top-right, winner",3,01_战略框架,"已完成 (PowerPoint 原生 custGeom 形状, Shape Fill 直接改色)",原创设计 · 几何抽象 · 通用商业框架概念 · 非复制任何特定咨询机构视觉资产
STRAT-003,,现金牛象限,CashCowQuadrant,原创设计·几何抽象,PPT图标语义库·咨询框架包,01_战略框架,左上象限代表稳定输出现金流的成熟业务,用于标记需要稳收益维护的业务,现金牛 / 左上象限 / 成熟,"cash-cow, stable",3,01_战略框架,"已完成 (PowerPoint 原生 custGeom 形状, Shape Fill 直接改色)",原创设计 · 几何抽象 · 通用商业框架概念 · 非复制任何特定咨询机构视觉资产
STRAT-004,,问号象限,QuestionQuadrant,原创设计·几何抽象,PPT图标语义库·咨询框架包,01_战略框架,右下象限代表前景未明的高风险高回报业务,用于标记需要决策投入或退出的业务,问号 / 右下象限 / 未明,"question-mark, uncertain",3,01_战略框架,"已完成 (PowerPoint 原生 custGeom 形状, Shape Fill 直接改色)",原创设计 · 几何抽象 · 通用商业框架概念 · 非复制任何特定咨询机构视觉资产
STRAT-005,,瘦狗象限,DogQuadrant,原创设计·几何抽象,PPT图标语义库·咨询框架包,01_战略框架,左下象限代表低增长低份额的鸡肋业务,用于标记应当退出或剥离的业务,瘦狗 / 左下象限 / 退出,"dog, exit",3,01_战略框架,"已完成 (PowerPoint 原生 custGeom 形状, Shape Fill 直接改色)",原创设计 · 几何抽象 · 通用商业框架概念 · 非复制任何特定咨询机构视觉资产
STRAT-006,,增长份额矩阵,GrowthShareMatrix,原创设计·几何抽象,PPT图标语义库·咨询框架包,01_战略框架,增长率vs市场份额的经典业务组合评估矩阵,用于业务组合诊断、资源分配决策,增长份额 / BCG / 组合矩阵,"growth-share, BCG, portfolio",3,01_战略框架,"已完成 (PowerPoint 原生 custGeom 形状, Shape Fill 直接改色)",原创设计 · 几何抽象 · 通用商业框架概念 · 非复制任何特定咨询机构视觉资产
STRAT-007,,三层增长曲线,ThreeHorizons,原创设计·几何抽象,PPT图标语义库·咨询框架包,01_战略框架,近中远三个时间维度的增长曲线叠加,用于战略转型路线图、近中远期布局,三层 / Horizon / 增长曲线 / 战略转型,"three-horizons, horizon, growth",3,01_战略框架,"已完成 (PowerPoint 原生 custGeom 形状, Shape Fill 直接改色)",原创设计 · 几何抽象 · 通用商业框架概念 · 非复制任何特定咨询机构视觉资产
STRAT-008,,近期视野,Horizon1,原创设计·几何抽象,PPT图标语义库·咨询框架包,01_战略框架,聚焦当前主营业务，最近期增长曲线,用于标识近期增长板块,近期 / Horizon1 / 当前业务,"horizon-1, near-term",3,01_战略框架,"已完成 (PowerPoint 原生 custGeom 形状, Shape Fill 直接改色)",原创设计 · 几何抽象 · 通用商业框架概念 · 非复制任何特定咨询机构视觉资产
STRAT-009,,中期视野,Horizon2,原创设计·几何抽象,PPT图标语义库·咨询框架包,01_战略框架,正在孕育的增长业务，中期视野,用于标识中期培育板块,中期 / Horizon2 / 孕育业务,"horizon-2, mid-term",3,01_战略框架,"已完成 (PowerPoint 原生 custGeom 形状, Shape Fill 直接改色)",原创设计 · 几何抽象 · 通用商业框架概念 · 非复制任何特定咨询机构视觉资产
STRAT-010,,远期视野,Horizon3,原创设计·几何抽象,PPT图标语义库·咨询框架包,01_战略框架,尚在远期探索的颠覆性新业务,用于标识远期颠覆板块,远期 / Horizon3 / 颠覆,"horizon-3, long-term, disruption",3,01_战略框架,"已完成 (PowerPoint 原生 custGeom 形状, Shape Fill 直接改色)",原创设计 · 几何抽象 · 通用商业框架概念 · 非复制任何特定咨询机构视觉资产
STRAT-011,,五力模型,FiveForces,原创设计·几何抽象,PPT图标语义库·咨询框架包,01_战略框架,中心是竞争对手，四周是供应商/买家/新进入者/替代品,用于行业竞争结构分析,五力 / Porter / 行业分析,"five-forces, porter, industry",3,01_战略框架,"已完成 (PowerPoint 原生 custGeom 形状, Shape Fill 直接改色)",原创设计 · 几何抽象 · 通用商业框架概念 · 非复制任何特定咨询机构视觉资产
STRAT-012,,价值链,ValueChain,原创设计·几何抽象,PPT图标语义库·咨询框架包,01_战略框架,上方是支持活动，下方主活动箭头形指向价值,用于企业内部价值创造活动分析,价值链 / Porter / 主活动,"value-chain, porter, activities",3,01_战略框架,"已完成 (PowerPoint 原生 custGeom 形状, Shape Fill 直接改色)",原创设计 · 几何抽象 · 通用商业框架概念 · 非复制任何特定咨询机构视觉资产
STRAT-013,,安索夫矩阵,AnsoffMatrix,原创设计·几何抽象,PPT图标语义库·咨询框架包,01_战略框架,现有/新市场 × 现有/新产品 四个增长选项,用于增长战略选择,安索夫 / 增长矩阵 / 市场产品,"ansoff, growth-matrix",3,01_战略框架,"已完成 (PowerPoint 原生 custGeom 形状, Shape Fill 直接改色)",原创设计 · 几何抽象 · 通用商业框架概念 · 非复制任何特定咨询机构视觉资产
STRAT-014,,GE矩阵,GeMatrix,原创设计·几何抽象,PPT图标语义库·咨询框架包,01_战略框架,九宫格行业吸引力vs业务实力矩阵,用于多业务组合评估,GE矩阵 / 九宫格 / 组合,"ge-matrix, 3x3",3,01_战略框架,"已完成 (PowerPoint 原生 custGeom 形状, Shape Fill 直接改色)",原创设计 · 几何抽象 · 通用商业框架概念 · 非复制任何特定咨询机构视觉资产
STRAT-015,,7S框架,SevenS,原创设计·几何抽象,PPT图标语义库·咨询框架包,01_战略框架,中心共享价值观连接战略/结构/系统/技能/风格/人员,用于组织诊断的七要素一致性分析,7S / 麦肯锡7S / 组织诊断,"seven-s, 7s-framework",3,01_战略框架,"已完成 (PowerPoint 原生 custGeom 形状, Shape Fill 直接改色)",原创设计 · 几何抽象 · 通用商业框架概念 · 非复制任何特定咨询机构视觉资产
STRAT-016,,SWOT矩阵,SwotMatrix,原创设计·几何抽象,PPT图标语义库·咨询框架包,01_战略框架,优势/劣势/机会/威胁的内外部经典分析框架,用于战略起点诊断,SWOT / 优劣势机会威胁,"swot, strengths-weaknesses",3,01_战略框架,"已完成 (PowerPoint 原生 custGeom 形状, Shape Fill 直接改色)",原创设计 · 几何抽象 · 通用商业框架概念 · 非复制任何特定咨询机构视觉资产
STRAT-017,,PESTLE分析,PestleGrid,原创设计·几何抽象,PPT图标语义库·咨询框架包,01_战略框架,政治/经济/社会/技术/法律/环境六大宏观因素,用于宏观环境扫描,PESTLE / 宏观环境,"pestle, macro",3,01_战略框架,"已完成 (PowerPoint 原生 custGeom 形状, Shape Fill 直接改色)",原创设计 · 几何抽象 · 通用商业框架概念 · 非复制任何特定咨询机构视觉资产
STRAT-018,,战略钻石,StrategyDiamond,原创设计·几何抽象,PPT图标语义库·咨询框架包,01_战略框架,战略竞技场/载具/差异化/经济逻辑/分阶段五要素,用于战略要素一致性检验,战略钻石 / Hambrick / 五要素,strategy-diamond,3,01_战略框架,"已完成 (PowerPoint 原生 custGeom 形状, Shape Fill 直接改色)",原创设计 · 几何抽象 · 通用商业框架概念 · 非复制任何特定咨询机构视觉资产
STRAT-019,,战略选择级联,WhereToPlay,原创设计·几何抽象,PPT图标语义库·咨询框架包,01_战略框架,从致胜抱负到能力体系的战略层层级联,用于战略选择系统化,战略选择 / 级联 / Where-to-Play,"strategy-choice, cascade",3,01_战略框架,"已完成 (PowerPoint 原生 custGeom 形状, Shape Fill 直接改色)",原创设计 · 几何抽象 · 通用商业框架概念 · 非复制任何特定咨询机构视觉资产
STRAT-020,,Build-Borrow-Buy,BuildBorrowBuy,原创设计·几何抽象,PPT图标语义库·咨询框架包,01_战略框架,自建/借用/收购三种能力获取路径,用于能力构建路径决策,BuildBorrowBuy / 能力获取,build-borrow-buy,3,01_战略框架,"已完成 (PowerPoint 原生 custGeom 形状, Shape Fill 直接改色)",原创设计 · 几何抽象 · 通用商业框架概念 · 非复制任何特定咨询机构视觉资产
STRAT-021,,核心-相邻-转型,CoreAdjacentTransform,原创设计·几何抽象,PPT图标语义库·咨询框架包,01_战略框架,三层同心圆代表核心业务、相邻业务、转型业务,用于增长层次规划,核心相邻转型 / 三层增长,core-adjacent-transform,3,01_战略框架,"已完成 (PowerPoint 原生 custGeom 形状, Shape Fill 直接改色)",原创设计 · 几何抽象 · 通用商业框架概念 · 非复制任何特定咨询机构视觉资产
STRAT-022,,自制-外购-合作,MakeBuyPartner,原创设计·几何抽象,PPT图标语义库·咨询框架包,01_战略框架,三角形象征自制/外购/合作的供应决策三选项,用于供应链与能力边界决策,自制外购合作 / MakeBuyPartner,make-buy-partner,3,01_战略框架,"已完成 (PowerPoint 原生 custGeom 形状, Shape Fill 直接改色)",原创设计 · 几何抽象 · 通用商业框架概念 · 非复制任何特定咨询机构视觉资产
STRAT-023,,颠覆曲线,DisruptionCurve,原创设计·几何抽象,PPT图标语义库·咨询框架包,01_战略框架,颠覆者从低端切入快速取代成熟玩家,用于颠覆性创新分析,颠覆 / Disruption / 替代,"disruption, disruptive-innovation",3,01_战略框架,"已完成 (PowerPoint 原生 custGeom 形状, Shape Fill 直接改色)",原创设计 · 几何抽象 · 通用商业框架概念 · 非复制任何特定咨询机构视觉资产
STRAT-024,,蓝海战略,BlueOcean,原创设计·几何抽象,PPT图标语义库·咨询框架包,01_战略框架,波浪线代表开辟无人竞争的全新价值曲线,用于价值创新与差异化战略,蓝海 / 价值创新,"blue-ocean, value-innovation",3,01_战略框架,"已完成 (PowerPoint 原生 custGeom 形状, Shape Fill 直接改色)",原创设计 · 几何抽象 · 通用商业框架概念 · 非复制任何特定咨询机构视觉资产
STRAT-025,,增长飞轮,Flywheel,原创设计·几何抽象,PPT图标语义库·咨询框架包,01_战略框架,四段循环互相驱动越转越快,用于自我强化的商业模式设计,飞轮 / Flywheel / 复合增长,"flywheel, compounding",4,01_战略框架,"已完成 (PowerPoint 原生 custGeom 形状, Shape Fill 直接改色)",原创设计 · 几何抽象 · 通用商业框架概念 · 非复制任何特定咨询机构视觉资产
STRAT-026,,北极星指标,NorthStar,原创设计·几何抽象,PPT图标语义库·咨询框架包,01_战略框架,顶部一颗星指引下方多团队朝同一方向努力,用于战略对齐与单一指标导航,北极星 / 指北 / 对齐指标,"north-star, guiding-metric",4,01_战略框架,"已完成 (PowerPoint 原生 custGeom 形状, Shape Fill 直接改色)",原创设计 · 几何抽象 · 通用商业框架概念 · 非复制任何特定咨询机构视觉资产
STRAT-027,,战略支柱,StrategicPillars,原创设计·几何抽象,PPT图标语义库·咨询框架包,01_战略框架,顶上目标由数根支柱共同承载,用于战略目标分解与责任划分,战略支柱 / Pillars / 支撑,strategic-pillars,4,01_战略框架,"已完成 (PowerPoint 原生 custGeom 形状, Shape Fill 直接改色)",原创设计 · 几何抽象 · 通用商业框架概念 · 非复制任何特定咨询机构视觉资产
STRAT-028,,护城河,Moat,原创设计·几何抽象,PPT图标语义库·咨询框架包,01_战略框架,城堡象征核心业务，外围水池象征防御性壁垒,用于竞争壁垒分析与构建,护城河 / Moat / 壁垒,"moat, competitive-advantage",4,01_战略框架,"已完成 (PowerPoint 原生 custGeom 形状, Shape Fill 直接改色)",原创设计 · 几何抽象 · 通用商业框架概念 · 非复制任何特定咨询机构视觉资产
STRAT-029,,变革理论,TheoryOfChange,原创设计·几何抽象,PPT图标语义库·咨询框架包,01_战略框架,投入→活动→产出→成果的逻辑链,用于变革项目的因果论证,变革理论 / ToC / 因果链,theory-of-change,4,01_战略框架,"已完成 (PowerPoint 原生 custGeom 形状, Shape Fill 直接改色)",原创设计 · 几何抽象 · 通用商业框架概念 · 非复制任何特定咨询机构视觉资产
STRAT-030,,价值曲线,ValueCurve,原创设计·几何抽象,PPT图标语义库·咨询框架包,01_战略框架,横轴是竞争要素，纵轴是投入水平的价值轮廓,用于价值创新与战略画布,价值曲线 / 战略画布,"value-curve, strategy-canvas",4,01_战略框架,"已完成 (PowerPoint 原生 custGeom 形状, Shape Fill 直接改色)",原创设计 · 几何抽象 · 通用商业框架概念 · 非复制任何特定咨询机构视觉资产
STRAT-031,,风险-回报矩阵,RiskReturnMatrix,原创设计·几何抽象,PPT图标语义库·咨询框架包,01_战略框架,高/低风险与高/低回报的投资象限,用于投资组合配置,风险回报 / 投资象限,"risk-return, portfolio",4,01_战略框架,"已完成 (PowerPoint 原生 custGeom 形状, Shape Fill 直接改色)",原创设计 · 几何抽象 · 通用商业框架概念 · 非复制任何特定咨询机构视觉资产
STRAT-032,,成本-差异化,GenericStrategies,原创设计·几何抽象,PPT图标语义库·咨询框架包,01_战略框架,成本领先/差异化/聚焦三大通用竞争战略,用于竞争定位选择,通用战略 / 成本领先 / 差异化,"generic-strategies, cost-leadership",4,01_战略框架,"已完成 (PowerPoint 原生 custGeom 形状, Shape Fill 直接改色)",原创设计 · 几何抽象 · 通用商业框架概念 · 非复制任何特定咨询机构视觉资产
STRAT-033,,OGSM层级,OgsmHierarchy,原创设计·几何抽象,PPT图标语义库·咨询框架包,01_战略框架,目标-策略-衡量-行动四层级联,用于战略到执行的转化,OGSM / 目标策略衡量行动,ogsm,4,01_战略框架,"已完成 (PowerPoint 原生 custGeom 形状, Shape Fill 直接改色)",原创设计 · 几何抽象 · 通用商业框架概念 · 非复制任何特定咨询机构视觉资产
STRAT-034,,战略选项,StrategyOptions,原创设计·几何抽象,PPT图标语义库·咨询框架包,01_战略框架,从当前态分叉出多个战略路径,用于战略选择决策,战略选项 / 路径分叉,strategy-options,4,01_战略框架,"已完成 (PowerPoint 原生 custGeom 形状, Shape Fill 直接改色)",原创设计 · 几何抽象 · 通用商业框架概念 · 非复制任何特定咨询机构视觉资产
STRAT-035,,战略杠杆,LeveragePoint,原创设计·几何抽象,PPT图标语义库·咨询框架包,01_战略框架,杠杆+支点撬动大物体，象征以小搏大,用于关键支点识别,杠杆 / 支点 / 以小搏大,"leverage, fulcrum",4,01_战略框架,"已完成 (PowerPoint 原生 custGeom 形状, Shape Fill 直接改色)",原创设计 · 几何抽象 · 通用商业框架概念 · 非复制任何特定咨询机构视觉资产
STRAT-036,,战略转向,Pivot,原创设计·几何抽象,PPT图标语义库·咨询框架包,01_战略框架,从横向行进急转直上的90度转弯,用于业务转型/Pivot决策,转向 / Pivot / 战略转折,"pivot, strategic-turn",4,01_战略框架,"已完成 (PowerPoint 原生 custGeom 形状, Shape Fill 直接改色)",原创设计 · 几何抽象 · 通用商业框架概念 · 非复制任何特定咨询机构视觉资产
STRAT-037,,拐点,InflectionPoint,原创设计·几何抽象,PPT图标语义库·咨询框架包,01_战略框架,曲线斜率突变的关键转折点,用于趋势拐点识别,拐点 / Inflection / 斜率突变,inflection-point,4,01_战略框架,"已完成 (PowerPoint 原生 custGeom 形状, Shape Fill 直接改色)",原创设计 · 几何抽象 · 通用商业框架概念 · 非复制任何特定咨询机构视觉资产
STRAT-038,,战略主题,StrategicTheme,原创设计·几何抽象,PPT图标语义库·咨询框架包,01_战略框架,六边形包裹核心主题，象征贯穿全局的战略主线,用于年度战略主题标识,战略主题 / 主线 / Theme,strategic-theme,4,01_战略框架,"已完成 (PowerPoint 原生 custGeom 形状, Shape Fill 直接改色)",原创设计 · 几何抽象 · 通用商业框架概念 · 非复制任何特定咨询机构视觉资产
STRAT-039,,竞争格局,CompetitiveLandscape,原创设计·几何抽象,PPT图标语义库·咨询框架包,01_战略框架,中心是自身，周围尺寸不一的圆代表竞争对手,用于竞争图谱分析,竞争格局 / 图谱,competitive-landscape,4,01_战略框架,"已完成 (PowerPoint 原生 custGeom 形状, Shape Fill 直接改色)",原创设计 · 几何抽象 · 通用商业框架概念 · 非复制任何特定咨询机构视觉资产
STRAT-040,,情景规划,ScenarioPlanning,原创设计·几何抽象,PPT图标语义库·咨询框架包,01_战略框架,从当前态分叉出乐观/中性/悲观三种未来情景,用于不确定性下的多情景战略规划,情景规划 / Scenario / 未来情景,"scenario, planning",4,01_战略框架,"已完成 (PowerPoint 原生 custGeom 形状, Shape Fill 直接改色)",原创设计 · 几何抽象 · 通用商业框架概念 · 非复制任何特定咨询机构视觉资产
FLOW-001,,PDCA循环,PdcaCycle,原创设计·几何抽象,PPT图标语义库·咨询框架包,02_流程模型,Plan-Do-Check-Act 四步循环改进经典模型,用于持续改进项目,PDCA / 戴明环 / 持续改进,"pdca, deming-cycle",6,02_流程模型,"已完成 (PowerPoint 原生 custGeom 形状, Shape Fill 直接改色)",原创设计 · 几何抽象 · 通用商业框架概念 · 非复制任何特定咨询机构视觉资产
FLOW-002,,Stage-Gate,StageGate,原创设计·几何抽象,PPT图标语义库·咨询框架包,02_流程模型,阶段+门禁交替的项目管理流程,用于研发/创新项目门禁评审,Stage-Gate / 门禁评审,"stage-gate, phase-gate",6,02_流程模型,"已完成 (PowerPoint 原生 custGeom 形状, Shape Fill 直接改色)",原创设计 · 几何抽象 · 通用商业框架概念 · 非复制任何特定咨询机构视觉资产
FLOW-003,,瀑布流程,Waterfall,原创设计·几何抽象,PPT图标语义库·咨询框架包,02_流程模型,下行台阶象征顺序不可逆的瀑布开发,用于传统项目管理,瀑布 / 顺序流程,"waterfall, sequential",6,02_流程模型,"已完成 (PowerPoint 原生 custGeom 形状, Shape Fill 直接改色)",原创设计 · 几何抽象 · 通用商业框架概念 · 非复制任何特定咨询机构视觉资产
FLOW-004,,敏捷迭代,AgileSprint,原创设计·几何抽象,PPT图标语义库·咨询框架包,02_流程模型,短周期循环的敏捷迭代,用于Scrum/敏捷开发,敏捷 / Sprint / Scrum,"agile, sprint, scrum",6,02_流程模型,"已完成 (PowerPoint 原生 custGeom 形状, Shape Fill 直接改色)",原创设计 · 几何抽象 · 通用商业框架概念 · 非复制任何特定咨询机构视觉资产
FLOW-005,,迭代螺旋,IterativeSpiral,原创设计·几何抽象,PPT图标语义库·咨询框架包,02_流程模型,由内向外渐扩的螺旋表示迭代深化,用于螺旋式开发模型,螺旋 / 迭代深化,"spiral, iterative",6,02_流程模型,"已完成 (PowerPoint 原生 custGeom 形状, Shape Fill 直接改色)",原创设计 · 几何抽象 · 通用商业框架概念 · 非复制任何特定咨询机构视觉资产
FLOW-006,,路线图,Roadmap,原创设计·几何抽象,PPT图标语义库·咨询框架包,02_流程模型,时间轴上分阶段递进的产品/项目里程碑,用于产品路线图、项目计划,路线图 / Roadmap / 里程碑,"roadmap, milestones",6,02_流程模型,"已完成 (PowerPoint 原生 custGeom 形状, Shape Fill 直接改色)",原创设计 · 几何抽象 · 通用商业框架概念 · 非复制任何特定咨询机构视觉资产
FLOW-007,,关键路径,CriticalPath,原创设计·几何抽象,PPT图标语义库·咨询框架包,02_流程模型,网络图中以加粗线标识的最长路径,用于项目计划关键路径识别,关键路径 / PERT / 网络图,"critical-path, pert",6,02_流程模型,"已完成 (PowerPoint 原生 custGeom 形状, Shape Fill 直接改色)",原创设计 · 几何抽象 · 通用商业框架概念 · 非复制任何特定咨询机构视觉资产
FLOW-008,,甘特图,GanttChart,原创设计·几何抽象,PPT图标语义库·咨询框架包,02_流程模型,时间轴上按任务排列的水平条,用于项目进度可视化,甘特图 / Gantt / 进度,"gantt, schedule",6,02_流程模型,"已完成 (PowerPoint 原生 custGeom 形状, Shape Fill 直接改色)",原创设计 · 几何抽象 · 通用商业框架概念 · 非复制任何特定咨询机构视觉资产
FLOW-009,,流程分叉,WorkflowSplit,原创设计·几何抽象,PPT图标语义库·咨询框架包,02_流程模型,一变多的流程分叉,用于决策分支、并行处理,分叉 / 并行,"split, fork, parallel",6,02_流程模型,"已完成 (PowerPoint 原生 custGeom 形状, Shape Fill 直接改色)",原创设计 · 几何抽象 · 通用商业框架概念 · 非复制任何特定咨询机构视觉资产
FLOW-010,,流程汇合,WorkflowMerge,原创设计·几何抽象,PPT图标语义库·咨询框架包,02_流程模型,多变一的流程汇合,用于结果汇总、合并,汇合 / 合并,"merge, join",6,02_流程模型,"已完成 (PowerPoint 原生 custGeom 形状, Shape Fill 直接改色)",原创设计 · 几何抽象 · 通用商业框架概念 · 非复制任何特定咨询机构视觉资产
FLOW-011,,决策树,DecisionTree,原创设计·几何抽象,PPT图标语义库·咨询框架包,02_流程模型,节点为判断、叶子为结果的树状结构,用于决策分析、分类,决策树 / Decision-Tree,decision-tree,6,02_流程模型,"已完成 (PowerPoint 原生 custGeom 形状, Shape Fill 直接改色)",原创设计 · 几何抽象 · 通用商业框架概念 · 非复制任何特定咨询机构视觉资产
FLOW-012,,六阶漏斗,Funnel6,原创设计·几何抽象,PPT图标语义库·咨询框架包,02_流程模型,六层渐窄漏斗代表多阶段过滤,用于销售/招聘/转化漏斗,六阶漏斗 / 多阶段过滤,"funnel-6, multi-stage",6,02_流程模型,"已完成 (PowerPoint 原生 custGeom 形状, Shape Fill 直接改色)",原创设计 · 几何抽象 · 通用商业框架概念 · 非复制任何特定咨询机构视觉资产
FLOW-013,,客户旅程,CustomerJourney,原创设计·几何抽象,PPT图标语义库·咨询框架包,02_流程模型,起伏曲线上的接触点构成客户体验旅程,用于体验旅程地图绘制,客户旅程 / 体验地图,"customer-journey, experience-map",6,02_流程模型,"已完成 (PowerPoint 原生 custGeom 形状, Shape Fill 直接改色)",原创设计 · 几何抽象 · 通用商业框架概念 · 非复制任何特定咨询机构视觉资产
FLOW-014,,AIDA模型,Aida,原创设计·几何抽象,PPT图标语义库·咨询框架包,02_流程模型,Attention-Interest-Desire-Action 四阶段消费者反应,用于营销漏斗设计,AIDA / 营销漏斗 / 认知-兴趣-欲望-行动,"aida, marketing-funnel",6,02_流程模型,"已完成 (PowerPoint 原生 custGeom 形状, Shape Fill 直接改色)",原创设计 · 几何抽象 · 通用商业框架概念 · 非复制任何特定咨询机构视觉资产
FLOW-015,,AARRR指标,Aarrr,原创设计·几何抽象,PPT图标语义库·咨询框架包,02_流程模型,Acquisition-Activation-Retention-Revenue-Referral 海盗指标,用于增长黑客指标体系,AARRR / 海盗指标 / 增长黑客,"aarrr, pirate-metrics",6,02_流程模型,"已完成 (PowerPoint 原生 custGeom 形状, Shape Fill 直接改色)",原创设计 · 几何抽象 · 通用商业框架概念 · 非复制任何特定咨询机构视觉资产
FLOW-016,,DMAIC流程,Dmaic,原创设计·几何抽象,PPT图标语义库·咨询框架包,02_流程模型,Define-Measure-Analyze-Improve-Control 六西格玛流程,用于六西格玛改进项目,DMAIC / 六西格玛,"dmaic, six-sigma",6,02_流程模型,"已完成 (PowerPoint 原生 custGeom 形状, Shape Fill 直接改色)",原创设计 · 几何抽象 · 通用商业框架概念 · 非复制任何特定咨询机构视觉资产
FLOW-017,,持续改进,Kaizen,原创设计·几何抽象,PPT图标语义库·咨询框架包,02_流程模型,向上箭头上的小台阶象征点滴积累,用于持续改进文化,持续改进 / Kaizen / 改善,"kaizen, continuous-improvement",6,02_流程模型,"已完成 (PowerPoint 原生 custGeom 形状, Shape Fill 直接改色)",原创设计 · 几何抽象 · 通用商业框架概念 · 非复制任何特定咨询机构视觉资产
FLOW-018,,V模型,VModel,原创设计·几何抽象,PPT图标语义库·咨询框架包,02_流程模型,左侧设计阶段与右侧验证阶段对应的V形流程,用于软件/系统开发,V模型 / 验证流程,v-model,6,02_流程模型,"已完成 (PowerPoint 原生 custGeom 形状, Shape Fill 直接改色)",原创设计 · 几何抽象 · 通用商业框架概念 · 非复制任何特定咨询机构视觉资产
FLOW-019,,构建-测量-学习,BuildMeasureLearn,原创设计·几何抽象,PPT图标语义库·咨询框架包,02_流程模型,精益创业核心循环：构建MVP→测量→学习,用于精益创业、产品迭代,构建测量学习 / BML / 精益创业,"build-measure-learn, lean-startup",6,02_流程模型,"已完成 (PowerPoint 原生 custGeom 形状, Shape Fill 直接改色)",原创设计 · 几何抽象 · 通用商业框架概念 · 非复制任何特定咨询机构视觉资产
FLOW-020,,待办队列,BacklogQueue,原创设计·几何抽象,PPT图标语义库·咨询框架包,02_流程模型,按优先级排序的渐短任务条,用于产品Backlog/任务队列,Backlog / 待办队列 / 优先级,"backlog, queue, priority",6,02_流程模型,"已完成 (PowerPoint 原生 custGeom 形状, Shape Fill 直接改色)",原创设计 · 几何抽象 · 通用商业框架概念 · 非复制任何特定咨询机构视觉资产
FLOW-021,,每日站会,Standup,原创设计·几何抽象,PPT图标语义库·咨询框架包,02_流程模型,三人并立短会的敏捷仪式,用于Daily Standup每日站会,站会 / 晨会 / Daily-Standup,"standup, daily-meeting",6,02_流程模型,"已完成 (PowerPoint 原生 custGeom 形状, Shape Fill 直接改色)",原创设计 · 几何抽象 · 通用商业框架概念 · 非复制任何特定咨询机构视觉资产
FLOW-022,,复盘,Retrospective,原创设计·几何抽象,PPT图标语义库·咨询框架包,02_流程模型,回望循环+对勾代表对过往周期的复盘验证,用于Sprint回顾、项目复盘,复盘 / Retro / 回顾,"retrospective, review",6,02_流程模型,"已完成 (PowerPoint 原生 custGeom 形状, Shape Fill 直接改色)",原创设计 · 几何抽象 · 通用商业框架概念 · 非复制任何特定咨询机构视觉资产
FLOW-023,,Sprint看板,SprintBoard,原创设计·几何抽象,PPT图标语义库·咨询框架包,02_流程模型,三栏看板：待办/进行中/完成,用于敏捷Sprint管理,看板 / Sprint / Kanban,"kanban, sprint-board",6,02_流程模型,"已完成 (PowerPoint 原生 custGeom 形状, Shape Fill 直接改色)",原创设计 · 几何抽象 · 通用商业框架概念 · 非复制任何特定咨询机构视觉资产
FLOW-024,,OODA循环,OodaLoop,原创设计·几何抽象,PPT图标语义库·咨询框架包,02_流程模型,Observe-Orient-Decide-Act 决策循环,用于快速决策、应急响应,OODA / 决策循环,"ooda, decision-loop",6,02_流程模型,"已完成 (PowerPoint 原生 custGeom 形状, Shape Fill 直接改色)",原创设计 · 几何抽象 · 通用商业框架概念 · 非复制任何特定咨询机构视觉资产
FLOW-025,,检查点循环,CheckpointLoop,原创设计·几何抽象,PPT图标语义库·咨询框架包,02_流程模型,循环路径上四个检查点,用于带门禁的迭代流程,检查点 / Checkpoint,"checkpoint, milestone-loop",7,02_流程模型,"已完成 (PowerPoint 原生 custGeom 形状, Shape Fill 直接改色)",原创设计 · 几何抽象 · 通用商业框架概念 · 非复制任何特定咨询机构视觉资产
FLOW-026,,精益循环,LeanLoop,原创设计·几何抽象,PPT图标语义库·咨询框架包,02_流程模型,精益的持续改进循环,用于精益管理体系,精益 / Lean,lean,7,02_流程模型,"已完成 (PowerPoint 原生 custGeom 形状, Shape Fill 直接改色)",原创设计 · 几何抽象 · 通用商业框架概念 · 非复制任何特定咨询机构视觉资产
FLOW-027,,双轨开发,DualTrack,原创设计·几何抽象,PPT图标语义库·咨询框架包,02_流程模型,发现轨与交付轨并行推进,用于双轨敏捷,双轨 / Discovery-Delivery,"dual-track, discovery-delivery",7,02_流程模型,"已完成 (PowerPoint 原生 custGeom 形状, Shape Fill 直接改色)",原创设计 · 几何抽象 · 通用商业框架概念 · 非复制任何特定咨询机构视觉资产
FLOW-028,,审批链,ApprovalChain,原创设计·几何抽象,PPT图标语义库·咨询框架包,02_流程模型,依次盖章的多级审批,用于公文审批、合同审批,审批链 / 多级审批,approval-chain,7,02_流程模型,"已完成 (PowerPoint 原生 custGeom 形状, Shape Fill 直接改色)",原创设计 · 几何抽象 · 通用商业框架概念 · 非复制任何特定咨询机构视觉资产
FLOW-029,,分阶段推广,RolloutPhases,原创设计·几何抽象,PPT图标语义库·咨询框架包,02_流程模型,分阶段递进的灰度发布,用于产品分阶段推广,灰度发布 / 分阶段推广,"rollout, phased-release",7,02_流程模型,"已完成 (PowerPoint 原生 custGeom 形状, Shape Fill 直接改色)",原创设计 · 几何抽象 · 通用商业框架概念 · 非复制任何特定咨询机构视觉资产
FLOW-030,,瓶颈节点,BottleneckFlow,原创设计·几何抽象,PPT图标语义库·咨询框架包,02_流程模型,粗管道中间收窄成细管的瓶颈,用于瓶颈分析、TOC约束理论,瓶颈 / 约束 / TOC,"bottleneck, constraint, TOC",7,02_流程模型,"已完成 (PowerPoint 原生 custGeom 形状, Shape Fill 直接改色)",原创设计 · 几何抽象 · 通用商业框架概念 · 非复制任何特定咨询机构视觉资产
ORG-001,,四层金字塔,Pyramid4,原创设计·几何抽象,PPT图标语义库·咨询框架包,03_组织架构,高管/中管/基层/一线四层经典金字塔,用于科层组织结构图,金字塔 / 四层组织,"pyramid, 4-level",9,03_组织架构,"已完成 (PowerPoint 原生 custGeom 形状, Shape Fill 直接改色)",原创设计 · 几何抽象 · 通用商业框架概念 · 非复制任何特定咨询机构视觉资产
ORG-002,,三层金字塔,Pyramid3,原创设计·几何抽象,PPT图标语义库·咨询框架包,03_组织架构,战略/战术/执行三层精简结构,用于精简组织架构,金字塔 / 三层,"pyramid, 3-level",9,03_组织架构,"已完成 (PowerPoint 原生 custGeom 形状, Shape Fill 直接改色)",原创设计 · 几何抽象 · 通用商业框架概念 · 非复制任何特定咨询机构视觉资产
ORG-003,,倒金字塔,InvertedPyramid,原创设计·几何抽象,PPT图标语义库·咨询框架包,03_组织架构,顾客在上、管理者支持的服务型组织,用于服务型领导组织设计,倒金字塔 / 服务型组织,"inverted-pyramid, servant-leadership",9,03_组织架构,"已完成 (PowerPoint 原生 custGeom 形状, Shape Fill 直接改色)",原创设计 · 几何抽象 · 通用商业框架概念 · 非复制任何特定咨询机构视觉资产
ORG-004,,矩阵组织,MatrixOrg,原创设计·几何抽象,PPT图标语义库·咨询框架包,03_组织架构,横向职能与纵向项目交织的双线汇报,用于矩阵式管理,矩阵组织 / 双线汇报,"matrix-org, dual-reporting",9,03_组织架构,"已完成 (PowerPoint 原生 custGeom 形状, Shape Fill 直接改色)",原创设计 · 几何抽象 · 通用商业框架概念 · 非复制任何特定咨询机构视觉资产
ORG-005,,职能筒仓,FunctionalSilos,原创设计·几何抽象,PPT图标语义库·咨询框架包,03_组织架构,纵向独立的职能部门像一个个筒仓,用于诊断部门墙问题,职能筒仓 / 部门墙,functional-silos,9,03_组织架构,"已完成 (PowerPoint 原生 custGeom 形状, Shape Fill 直接改色)",原创设计 · 几何抽象 · 通用商业框架概念 · 非复制任何特定咨询机构视觉资产
ORG-006,,事业部制,DivisionalOrg,原创设计·几何抽象,PPT图标语义库·咨询框架包,03_组织架构,总部下设独立运营的事业部,用于多元化集团组织,事业部 / Divisional,divisional-org,9,03_组织架构,"已完成 (PowerPoint 原生 custGeom 形状, Shape Fill 直接改色)",原创设计 · 几何抽象 · 通用商业框架概念 · 非复制任何特定咨询机构视觉资产
ORG-007,,中心辐射CoE,HubSpoke,原创设计·几何抽象,PPT图标语义库·咨询框架包,03_组织架构,中心枢纽辐射多个外围单元,用于Center of Excellence/共享服务,中心辐射 / CoE / Hub-Spoke,"hub-spoke, coe",9,03_组织架构,"已完成 (PowerPoint 原生 custGeom 形状, Shape Fill 直接改色)",原创设计 · 几何抽象 · 通用商业框架概念 · 非复制任何特定咨询机构视觉资产
ORG-008,,网络型组织,NetworkOrg,原创设计·几何抽象,PPT图标语义库·咨询框架包,03_组织架构,无中心、节点互联的网格组织,用于平台型/敏捷型组织,网络组织 / 无中心,"network-org, decentralized",9,03_组织架构,"已完成 (PowerPoint 原生 custGeom 形状, Shape Fill 直接改色)",原创设计 · 几何抽象 · 通用商业框架概念 · 非复制任何特定咨询机构视觉资产
ORG-009,,合弄制圆环,Holacracy,原创设计·几何抽象,PPT图标语义库·咨询框架包,03_组织架构,嵌套圆环代表权责自治的圈层结构,用于合弄制Holacracy,合弄制 / Holacracy / 自治,"holacracy, circles",9,03_组织架构,"已完成 (PowerPoint 原生 custGeom 形状, Shape Fill 直接改色)",原创设计 · 几何抽象 · 通用商业框架概念 · 非复制任何特定咨询机构视觉资产
ORG-010,,部落-小队,TribeSquad,原创设计·几何抽象,PPT图标语义库·咨询框架包,03_组织架构,外部部落包裹内部多个小队,用于Spotify Model部落小队,部落 / 小队 / Spotify-Model,"tribe, squad, spotify-model",9,03_组织架构,"已完成 (PowerPoint 原生 custGeom 形状, Shape Fill 直接改色)",原创设计 · 几何抽象 · 通用商业框架概念 · 非复制任何特定咨询机构视觉资产
ORG-011,,Tiger Team,TigerTeam,原创设计·几何抽象,PPT图标语义库·咨询框架包,03_组织架构,三人小组紧密合作攻关,用于专项突击Tiger Team,Tiger Team / 专项小组,tiger-team,9,03_组织架构,"已完成 (PowerPoint 原生 custGeom 形状, Shape Fill 直接改色)",原创设计 · 几何抽象 · 通用商业框架概念 · 非复制任何特定咨询机构视觉资产
ORG-012,,指导委员会,SteeringCommittee,原创设计·几何抽象,PPT图标语义库·咨询框架包,03_组织架构,圆桌会议六位决策者,用于指导委员会、董事会,指导委员会 / Steering,steering-committee,9,03_组织架构,"已完成 (PowerPoint 原生 custGeom 形状, Shape Fill 直接改色)",原创设计 · 几何抽象 · 通用商业框架概念 · 非复制任何特定咨询机构视觉资产
ORG-013,,跨职能团队,CrossFunctional,原创设计·几何抽象,PPT图标语义库·咨询框架包,03_组织架构,三个职能圈交叉共建,用于跨职能项目团队,跨职能 / Cross-Functional,cross-functional,9,03_组织架构,"已完成 (PowerPoint 原生 custGeom 形状, Shape Fill 直接改色)",原创设计 · 几何抽象 · 通用商业框架概念 · 非复制任何特定咨询机构视觉资产
ORG-014,,RACI矩阵,RaciMatrix,原创设计·几何抽象,PPT图标语义库·咨询框架包,03_组织架构,Responsible/Accountable/Consulted/Informed 角色矩阵,用于责任矩阵划分,RACI / 责任矩阵,raci,9,03_组织架构,"已完成 (PowerPoint 原生 custGeom 形状, Shape Fill 直接改色)",原创设计 · 几何抽象 · 通用商业框架概念 · 非复制任何特定咨询机构视觉资产
ORG-015,,管理跨度,SpanOfControl,原创设计·几何抽象,PPT图标语义库·咨询框架包,03_组织架构,一名管理者直接管理5名下属,用于管理幅度分析,管理跨度 / Span-of-Control,span-of-control,9,03_组织架构,"已完成 (PowerPoint 原生 custGeom 形状, Shape Fill 直接改色)",原创设计 · 几何抽象 · 通用商业框架概念 · 非复制任何特定咨询机构视觉资产
ORG-016,,汇报层级,ReportingHierarchy,原创设计·几何抽象,PPT图标语义库·咨询框架包,03_组织架构,三级层层下属的汇报关系,用于组织架构图,汇报层级 / Org-Chart,"reporting-hierarchy, org-chart",9,03_组织架构,"已完成 (PowerPoint 原生 custGeom 形状, Shape Fill 直接改色)",原创设计 · 几何抽象 · 通用商业框架概念 · 非复制任何特定咨询机构视觉资产
ORG-017,,虚线汇报,DottedLineReporting,原创设计·几何抽象,PPT图标语义库·咨询框架包,03_组织架构,实线主管+虚线协调的双线汇报,用于矩阵组织汇报关系,虚线汇报 / Dotted-Line,dotted-line-reporting,9,03_组织架构,"已完成 (PowerPoint 原生 custGeom 形状, Shape Fill 直接改色)",原创设计 · 几何抽象 · 通用商业框架概念 · 非复制任何特定咨询机构视觉资产
ORG-018,,扁平组织,FlatOrg,原创设计·几何抽象,PPT图标语义库·咨询框架包,03_组织架构,一层管理直辖多人的扁平结构,用于扁平化组织,扁平组织 / Flat-Org,flat-org,9,03_组织架构,"已完成 (PowerPoint 原生 custGeom 形状, Shape Fill 直接改色)",原创设计 · 几何抽象 · 通用商业框架概念 · 非复制任何特定咨询机构视觉资产
ORG-019,,利益相关方,StakeholderMap,原创设计·几何抽象,PPT图标语义库·咨询框架包,03_组织架构,由内向外不同距离的关键-关注-边缘相关方,用于利益相关方识别与影响力分析,相关方 / Stakeholder / 利益方,stakeholder-map,9,03_组织架构,"已完成 (PowerPoint 原生 custGeom 形状, Shape Fill 直接改色)",原创设计 · 几何抽象 · 通用商业框架概念 · 非复制任何特定咨询机构视觉资产
ORG-020,,组织级联,OrgCascade,原创设计·几何抽象,PPT图标语义库·咨询框架包,03_组织架构,战略目标自上而下层层级联到一线,用于战略到执行的级联落实,级联 / 目标分解,"cascade, goal-deployment",9,03_组织架构,"已完成 (PowerPoint 原生 custGeom 形状, Shape Fill 直接改色)",原创设计 · 几何抽象 · 通用商业框架概念 · 非复制任何特定咨询机构视觉资产
ORG-021,,直接下属,DirectReports,原创设计·几何抽象,PPT图标语义库·咨询框架包,03_组织架构,一名上级与四名直属下属,用于直接汇报关系标识,直接下属 / Direct-Report,direct-reports,9,03_组织架构,"已完成 (PowerPoint 原生 custGeom 形状, Shape Fill 直接改色)",原创设计 · 几何抽象 · 通用商业框架概念 · 非复制任何特定咨询机构视觉资产
ORG-022,,决策权分配,DecisionRights,原创设计·几何抽象,PPT图标语义库·咨询框架包,03_组织架构,矩阵格子标记不同层级决策权归属,用于决策权矩阵DACI/RAPID,决策权 / DACI / RAPID,"decision-rights, daci",9,03_组织架构,"已完成 (PowerPoint 原生 custGeom 形状, Shape Fill 直接改色)",原创设计 · 几何抽象 · 通用商业框架概念 · 非复制任何特定咨询机构视觉资产
ORG-023,,授权层级,DelegationCascade,原创设计·几何抽象,PPT图标语义库·咨询框架包,03_组织架构,向下分解的授权箭头,用于授权管理设计,授权 / Delegation,delegation,9,03_组织架构,"已完成 (PowerPoint 原生 custGeom 形状, Shape Fill 直接改色)",原创设计 · 几何抽象 · 通用商业框架概念 · 非复制任何特定咨询机构视觉资产
ORG-024,,升级路径,EscalationPath,原创设计·几何抽象,PPT图标语义库·咨询框架包,03_组织架构,问题向上逐级升级处理,用于事件升级流程,升级路径 / Escalation,escalation,9,03_组织架构,"已完成 (PowerPoint 原生 custGeom 形状, Shape Fill 直接改色)",原创设计 · 几何抽象 · 通用商业框架概念 · 非复制任何特定咨询机构视觉资产
ORG-025,,组织转型,OrgTransformation,原创设计·几何抽象,PPT图标语义库·咨询框架包,03_组织架构,方块变圆形象征僵化向灵活的转型,用于组织变革标识,组织转型 / 变革,"org-transformation, change",10,03_组织架构,"已完成 (PowerPoint 原生 custGeom 形状, Shape Fill 直接改色)",原创设计 · 几何抽象 · 通用商业框架概念 · 非复制任何特定咨询机构视觉资产
ORG-026,,人才管道,TalentPipeline,原创设计·几何抽象,PPT图标语义库·咨询框架包,03_组织架构,金字塔型人才储备库递减,用于继任规划Talent Pipeline,人才管道 / Talent-Pipeline,talent-pipeline,10,03_组织架构,"已完成 (PowerPoint 原生 custGeom 形状, Shape Fill 直接改色)",原创设计 · 几何抽象 · 通用商业框架概念 · 非复制任何特定咨询机构视觉资产
ORG-027,,继任阶梯,SuccessionLadder,原创设计·几何抽象,PPT图标语义库·咨询框架包,03_组织架构,向上阶梯象征职业发展通道,用于继任规划/晋升通道,继任 / 晋升通道,"succession, career-ladder",10,03_组织架构,"已完成 (PowerPoint 原生 custGeom 形状, Shape Fill 直接改色)",原创设计 · 几何抽象 · 通用商业框架概念 · 非复制任何特定咨询机构视觉资产
ORG-028,,能力金字塔,CapabilityPyramid,原创设计·几何抽象,PPT图标语义库·咨询框架包,03_组织架构,能力等级由低到高的五级金字塔,用于能力体系规划,能力金字塔 / 能力等级,capability-pyramid,10,03_组织架构,"已完成 (PowerPoint 原生 custGeom 形状, Shape Fill 直接改色)",原创设计 · 几何抽象 · 通用商业框架概念 · 非复制任何特定咨询机构视觉资产
ORG-029,,工作组,WorkingGroup,原创设计·几何抽象,PPT图标语义库·咨询框架包,03_组织架构,四人闭环全连接专项小组,用于专项工作组,工作组 / Working-Group,working-group,10,03_组织架构,"已完成 (PowerPoint 原生 custGeom 形状, Shape Fill 直接改色)",原创设计 · 几何抽象 · 通用商业框架概念 · 非复制任何特定咨询机构视觉资产
ORG-030,,决策vs执行,SteerVsDeliver,原创设计·几何抽象,PPT图标语义库·咨询框架包,03_组织架构,上层决策圆环+下层执行方块,用于决策与执行分离设计,决策执行 / Steer-Deliver,steer-vs-deliver,10,03_组织架构,"已完成 (PowerPoint 原生 custGeom 形状, Shape Fill 直接改色)",原创设计 · 几何抽象 · 通用商业框架概念 · 非复制任何特定咨询机构视觉资产
CHART-001,,瀑布图,WaterfallChart,原创设计·几何抽象,PPT图标语义库·咨询框架包,04_数据可视化,正负贡献依次叠加形成瀑布,用于分解差异、归因分析,瀑布图 / Waterfall / 分解,"waterfall, decomposition",12,04_数据可视化,"已完成 (PowerPoint 原生 custGeom 形状, Shape Fill 直接改色)",原创设计 · 几何抽象 · 通用商业框架概念 · 非复制任何特定咨询机构视觉资产
CHART-002,,马赛克图,MarimekkoChart,原创设计·几何抽象,PPT图标语义库·咨询框架包,04_数据可视化,宽度和高度都承载数据维度的二维方块图,用于市场细分、份额分析,马赛克 / Marimekko,"marimekko, mosaic",12,04_数据可视化,"已完成 (PowerPoint 原生 custGeom 形状, Shape Fill 直接改色)",原创设计 · 几何抽象 · 通用商业框架概念 · 非复制任何特定咨询机构视觉资产
CHART-003,,桑基图,SankeyDiagram,原创设计·几何抽象,PPT图标语义库·咨询框架包,04_数据可视化,节点间流量带宽的桑基流图,用于流量分析、预算流向,桑基图 / Sankey / 流量,"sankey, flow-diagram",12,04_数据可视化,"已完成 (PowerPoint 原生 custGeom 形状, Shape Fill 直接改色)",原创设计 · 几何抽象 · 通用商业框架概念 · 非复制任何特定咨询机构视觉资产
CHART-004,,热力图,Heatmap,原创设计·几何抽象,PPT图标语义库·咨询框架包,04_数据可视化,格子明暗代表数值大小,用于密度分布、相关性矩阵,热力图 / Heatmap,heatmap,12,04_数据可视化,"已完成 (PowerPoint 原生 custGeom 形状, Shape Fill 直接改色)",原创设计 · 几何抽象 · 通用商业框架概念 · 非复制任何特定咨询机构视觉资产
CHART-005,,雷达图,RadarChart,原创设计·几何抽象,PPT图标语义库·咨询框架包,04_数据可视化,多边形展开的多维度评估,用于能力雷达、产品对比,雷达图 / 蜘蛛图,"radar, spider-chart",12,04_数据可视化,"已完成 (PowerPoint 原生 custGeom 形状, Shape Fill 直接改色)",原创设计 · 几何抽象 · 通用商业框架概念 · 非复制任何特定咨询机构视觉资产
CHART-006,,树状图,Treemap,原创设计·几何抽象,PPT图标语义库·咨询框架包,04_数据可视化,嵌套矩形面积代表数值大小的层级图,用于层级数据可视化,树图 / Treemap,treemap,12,04_数据可视化,"已完成 (PowerPoint 原生 custGeom 形状, Shape Fill 直接改色)",原创设计 · 几何抽象 · 通用商业框架概念 · 非复制任何特定咨询机构视觉资产
CHART-007,,气泡图,BubbleChart,原创设计·几何抽象,PPT图标语义库·咨询框架包,04_数据可视化,气泡大小承载第三维度,用于三维数据可视化,气泡图 / Bubble,bubble-chart,12,04_数据可视化,"已完成 (PowerPoint 原生 custGeom 形状, Shape Fill 直接改色)",原创设计 · 几何抽象 · 通用商业框架概念 · 非复制任何特定咨询机构视觉资产
CHART-008,,堆叠柱状,StackedBar,原创设计·几何抽象,PPT图标语义库·咨询框架包,04_数据可视化,多类别堆叠的柱状图,用于构成对比,堆叠柱 / Stacked-Bar,stacked-bar,12,04_数据可视化,"已完成 (PowerPoint 原生 custGeom 形状, Shape Fill 直接改色)",原创设计 · 几何抽象 · 通用商业框架概念 · 非复制任何特定咨询机构视觉资产
CHART-009,,百分比堆叠,HundredPercentStacked,原创设计·几何抽象,PPT图标语义库·咨询框架包,04_数据可视化,高度对齐到100%的堆叠柱,用于结构占比对比,百分比堆叠,100-stacked,12,04_数据可视化,"已完成 (PowerPoint 原生 custGeom 形状, Shape Fill 直接改色)",原创设计 · 几何抽象 · 通用商业框架概念 · 非复制任何特定咨询机构视觉资产
CHART-010,,箱线图,BoxPlot,原创设计·几何抽象,PPT图标语义库·咨询框架包,04_数据可视化,中位数+四分位数+离群值的箱线图,用于分布对比,箱线图 / BoxPlot,boxplot,12,04_数据可视化,"已完成 (PowerPoint 原生 custGeom 形状, Shape Fill 直接改色)",原创设计 · 几何抽象 · 通用商业框架概念 · 非复制任何特定咨询机构视觉资产
CHART-011,,直方图,Histogram,原创设计·几何抽象,PPT图标语义库·咨询框架包,04_数据可视化,等宽柱并排的频次分布,用于数据分布,直方图 / Histogram,histogram,12,04_数据可视化,"已完成 (PowerPoint 原生 custGeom 形状, Shape Fill 直接改色)",原创设计 · 几何抽象 · 通用商业框架概念 · 非复制任何特定咨询机构视觉资产
CHART-012,,累积曲线,CumulativeLine,原创设计·几何抽象,PPT图标语义库·咨询框架包,04_数据可视化,单调递增的累积线,用于累积达成、累积分布,累积曲线 / Cumulative,cumulative-line,12,04_数据可视化,"已完成 (PowerPoint 原生 custGeom 形状, Shape Fill 直接改色)",原创设计 · 几何抽象 · 通用商业框架概念 · 非复制任何特定咨询机构视觉资产
CHART-013,,阶梯图,StepChart,原创设计·几何抽象,PPT图标语义库·咨询框架包,04_数据可视化,断点跳变的阶梯走势,用于离散变化追踪,阶梯图 / Step-Chart,step-chart,12,04_数据可视化,"已完成 (PowerPoint 原生 custGeom 形状, Shape Fill 直接改色)",原创设计 · 几何抽象 · 通用商业框架概念 · 非复制任何特定咨询机构视觉资产
CHART-014,,面积图,AreaChart,原创设计·几何抽象,PPT图标语义库·咨询框架包,04_数据可视化,曲线下填充的面积图,用于累计走势,面积图 / Area,area-chart,12,04_数据可视化,"已完成 (PowerPoint 原生 custGeom 形状, Shape Fill 直接改色)",原创设计 · 几何抽象 · 通用商业框架概念 · 非复制任何特定咨询机构视觉资产
CHART-015,,甘特条,GanttBars,原创设计·几何抽象,PPT图标语义库·咨询框架包,04_数据可视化,时间轴上的水平任务条,用于项目进度,甘特 / 进度条,gantt-bars,12,04_数据可视化,"已完成 (PowerPoint 原生 custGeom 形状, Shape Fill 直接改色)",原创设计 · 几何抽象 · 通用商业框架概念 · 非复制任何特定咨询机构视觉资产
CHART-016,,子弹图,BulletChart,原创设计·几何抽象,PPT图标语义库·咨询框架包,04_数据可视化,实际值条+目标线+定性区段,用于KPI达成度,子弹图 / Bullet,bullet-chart,12,04_数据可视化,"已完成 (PowerPoint 原生 custGeom 形状, Shape Fill 直接改色)",原创设计 · 几何抽象 · 通用商业框架概念 · 非复制任何特定咨询机构视觉资产
CHART-017,,对比柱,ComparisonBar,原创设计·几何抽象,PPT图标语义库·咨询框架包,04_数据可视化,成对柱形对比两组数据,用于A/B对比、前后对比,对比柱 / Comparison-Bar,comparison-bar,12,04_数据可视化,"已完成 (PowerPoint 原生 custGeom 形状, Shape Fill 直接改色)",原创设计 · 几何抽象 · 通用商业框架概念 · 非复制任何特定咨询机构视觉资产
CHART-018,,指数图,IndexChart,原创设计·几何抽象,PPT图标语义库·咨询框架包,04_数据可视化,以100为基准的指数化曲线,用于多线相对走势对比,指数图 / Index-Chart,index-chart,12,04_数据可视化,"已完成 (PowerPoint 原生 custGeom 形状, Shape Fill 直接改色)",原创设计 · 几何抽象 · 通用商业框架概念 · 非复制任何特定咨询机构视觉资产
CHART-019,,帕累托图,ParetoChart,原创设计·几何抽象,PPT图标语义库·咨询框架包,04_数据可视化,降序柱+累积线代表20/80分布,用于二八定律分析,帕累托 / 二八定律,"pareto, 80-20",12,04_数据可视化,"已完成 (PowerPoint 原生 custGeom 形状, Shape Fill 直接改色)",原创设计 · 几何抽象 · 通用商业框架概念 · 非复制任何特定咨询机构视觉资产
CHART-020,,分布曲线,DistributionCurve,原创设计·几何抽象,PPT图标语义库·咨询框架包,04_数据可视化,正态分布钟形曲线,用于分布特征展示,分布曲线 / 正态分布,"distribution, normal-curve",12,04_数据可视化,"已完成 (PowerPoint 原生 custGeom 形状, Shape Fill 直接改色)",原创设计 · 几何抽象 · 通用商业框架概念 · 非复制任何特定咨询机构视觉资产
CHART-021,,置信区间,ConfidenceInterval,原创设计·几何抽象,PPT图标语义库·咨询框架包,04_数据可视化,中心线+上下置信带,用于不确定性可视化,置信区间 / 误差带,confidence-interval,12,04_数据可视化,"已完成 (PowerPoint 原生 custGeom 形状, Shape Fill 直接改色)",原创设计 · 几何抽象 · 通用商业框架概念 · 非复制任何特定咨询机构视觉资产
CHART-022,,标注趋势,TrendAnnotation,原创设计·几何抽象,PPT图标语义库·咨询框架包,04_数据可视化,趋势线上的关键点+注释框,用于关键事件标注,标注 / Annotation,annotation,12,04_数据可视化,"已完成 (PowerPoint 原生 custGeom 形状, Shape Fill 直接改色)",原创设计 · 几何抽象 · 通用商业框架概念 · 非复制任何特定咨询机构视觉资产
CHART-023,,预测扇形,ForecastCone,原创设计·几何抽象,PPT图标语义库·咨询框架包,04_数据可视化,未来不确定性扩张的扇形带,用于预测/预算区间,预测扇形 / Forecast,"forecast, fan-chart",12,04_数据可视化,"已完成 (PowerPoint 原生 custGeom 形状, Shape Fill 直接改色)",原创设计 · 几何抽象 · 通用商业框架概念 · 非复制任何特定咨询机构视觉资产
CHART-024,,事件时间线,EventTimeline,原创设计·几何抽象,PPT图标语义库·咨询框架包,04_数据可视化,时间轴上的事件标记,用于历史事件、里程碑回顾,时间线 / 事件轴,"timeline, event-timeline",12,04_数据可视化,"已完成 (PowerPoint 原生 custGeom 形状, Shape Fill 直接改色)",原创设计 · 几何抽象 · 通用商业框架概念 · 非复制任何特定咨询机构视觉资产
CHART-025,,点状图,DotPlot,原创设计·几何抽象,PPT图标语义库·咨询框架包,04_数据可视化,横线上等距分布的圆点,用于离散数据点展示,点状图 / Dot-Plot,dot-plot,13,04_数据可视化,"已完成 (PowerPoint 原生 custGeom 形状, Shape Fill 直接改色)",原创设计 · 几何抽象 · 通用商业框架概念 · 非复制任何特定咨询机构视觉资产
CHART-026,,斜率图,SlopeChart,原创设计·几何抽象,PPT图标语义库·咨询框架包,04_数据可视化,前后两点连线对比的斜率图,用于变化前后对比,斜率图 / Slope-Chart,slope-chart,13,04_数据可视化,"已完成 (PowerPoint 原生 custGeom 形状, Shape Fill 直接改色)",原创设计 · 几何抽象 · 通用商业框架概念 · 非复制任何特定咨询机构视觉资产
CHART-027,,迷你折线,Sparkline,原创设计·几何抽象,PPT图标语义库·咨询框架包,04_数据可视化,嵌入式微型趋势线,用于表格内嵌图,迷你折线 / Sparkline,sparkline,13,04_数据可视化,"已完成 (PowerPoint 原生 custGeom 形状, Shape Fill 直接改色)",原创设计 · 几何抽象 · 通用商业框架概念 · 非复制任何特定咨询机构视觉资产
CHART-028,,棒棒糖图,LollipopChart,原创设计·几何抽象,PPT图标语义库·咨询框架包,04_数据可视化,竖线+顶端圆点的棒棒糖式柱图,用于排名/对比,棒棒糖图 / Lollipop,lollipop,13,04_数据可视化,"已完成 (PowerPoint 原生 custGeom 形状, Shape Fill 直接改色)",原创设计 · 几何抽象 · 通用商业框架概念 · 非复制任何特定咨询机构视觉资产
CHART-029,,龙卷风图,TornadoChart,原创设计·几何抽象,PPT图标语义库·咨询框架包,04_数据可视化,中心轴左右对称的敏感性条形图,用于敏感性分析、影响因素排序,龙卷风 / Tornado / 敏感性,"tornado, sensitivity",13,04_数据可视化,"已完成 (PowerPoint 原生 custGeom 形状, Shape Fill 直接改色)",原创设计 · 几何抽象 · 通用商业框架概念 · 非复制任何特定咨询机构视觉资产
CHART-030,,差异桥,VarianceBridge,原创设计·几何抽象,PPT图标语义库·咨询框架包,04_数据可视化,正负差异组成的桥型瀑布,用于实际vs预算差异分析,差异桥 / Variance,variance-bridge,13,04_数据可视化,"已完成 (PowerPoint 原生 custGeom 形状, Shape Fill 直接改色)",原创设计 · 几何抽象 · 通用商业框架概念 · 非复制任何特定咨询机构视觉资产
CHART-031,,地理热力,GeoHeatmap,原创设计·几何抽象,PPT图标语义库·咨询框架包,04_数据可视化,地图轮廓+大小不一的热力点,用于地理分布展示,地理热力 / 区域分布,geo-heatmap,13,04_数据可视化,"已完成 (PowerPoint 原生 custGeom 形状, Shape Fill 直接改色)",原创设计 · 几何抽象 · 通用商业框架概念 · 非复制任何特定咨询机构视觉资产
CHART-032,,分级地图,Choropleth,原创设计·几何抽象,PPT图标语义库·咨询框架包,04_数据可视化,不同色深的区域块代表数值高低,用于行政区数据可视化,分级地图 / Choropleth,choropleth,13,04_数据可视化,"已完成 (PowerPoint 原生 custGeom 形状, Shape Fill 直接改色)",原创设计 · 几何抽象 · 通用商业框架概念 · 非复制任何特定咨询机构视觉资产
CHART-033,,队列分析,CohortGrid,原创设计·几何抽象,PPT图标语义库·咨询框架包,04_数据可视化,时间×留存率的队列网格,用于留存分析,队列分析 / Cohort,cohort,13,04_数据可视化,"已完成 (PowerPoint 原生 custGeom 形状, Shape Fill 直接改色)",原创设计 · 几何抽象 · 通用商业框架概念 · 非复制任何特定咨询机构视觉资产
CHART-034,,分位带,QuintileBands,原创设计·几何抽象,PPT图标语义库·咨询框架包,04_数据可视化,五段水平带代表五分位区间,用于分位数分组,分位带 / 五分位,"quintile, bands",13,04_数据可视化,"已完成 (PowerPoint 原生 custGeom 形状, Shape Fill 直接改色)",原创设计 · 几何抽象 · 通用商业框架概念 · 非复制任何特定咨询机构视觉资产
CHART-035,,散点回归,ScatterRegression,原创设计·几何抽象,PPT图标语义库·咨询框架包,04_数据可视化,散点+回归线,用于相关性分析,散点回归 / 回归线,scatter-regression,13,04_数据可视化,"已完成 (PowerPoint 原生 custGeom 形状, Shape Fill 直接改色)",原创设计 · 几何抽象 · 通用商业框架概念 · 非复制任何特定咨询机构视觉资产
CHART-036,,百分比饼,PieWithPercent,原创设计·几何抽象,PPT图标语义库·咨询框架包,04_数据可视化,切分扇形的百分比饼,用于占比展示,百分比饼 / Pie,pie-percent,13,04_数据可视化,"已完成 (PowerPoint 原生 custGeom 形状, Shape Fill 直接改色)",原创设计 · 几何抽象 · 通用商业框架概念 · 非复制任何特定咨询机构视觉资产
CHART-037,,环形KPI,DonutKpi,原创设计·几何抽象,PPT图标语义库·咨询框架包,04_数据可视化,中空圆环显示KPI完成率,用于单KPI达成展示,环形图 / KPI仪表,donut-kpi,13,04_数据可视化,"已完成 (PowerPoint 原生 custGeom 形状, Shape Fill 直接改色)",原创设计 · 几何抽象 · 通用商业框架概念 · 非复制任何特定咨询机构视觉资产
CHART-038,,数据漏斗,FunnelChartData,原创设计·几何抽象,PPT图标语义库·咨询框架包,04_数据可视化,渐窄阶梯漏斗,用于数据漏斗可视化,数据漏斗,data-funnel,13,04_数据可视化,"已完成 (PowerPoint 原生 custGeom 形状, Shape Fill 直接改色)",原创设计 · 几何抽象 · 通用商业框架概念 · 非复制任何特定咨询机构视觉资产
CHART-039,,KPI仪表卡,KpiDashboardCard,原创设计·几何抽象,PPT图标语义库·咨询框架包,04_数据可视化,卡片+大数字+趋势线的指标卡,用于Dashboard核心指标卡,KPI卡片 / Dashboard,"kpi-card, dashboard",13,04_数据可视化,"已完成 (PowerPoint 原生 custGeom 形状, Shape Fill 直接改色)",原创设计 · 几何抽象 · 通用商业框架概念 · 非复制任何特定咨询机构视觉资产
CHART-040,,区间柱,RangeBar,原创设计·几何抽象,PPT图标语义库·咨询框架包,04_数据可视化,高低区间对应的柱形,用于范围/最值对比,区间柱 / Range-Bar,range-bar,13,04_数据可视化,"已完成 (PowerPoint 原生 custGeom 形状, Shape Fill 直接改色)",原创设计 · 几何抽象 · 通用商业框架概念 · 非复制任何特定咨询机构视觉资产
DIAG-001,,SWOT分析,SwotAnalysis,原创设计·几何抽象,PPT图标语义库·咨询框架包,05_诊断工具,优势/劣势/机会/威胁四象限,用于战略起点诊断,SWOT / 诊断,swot,15,05_诊断工具,"已完成 (PowerPoint 原生 custGeom 形状, Shape Fill 直接改色)",原创设计 · 几何抽象 · 通用商业框架概念 · 非复制任何特定咨询机构视觉资产
DIAG-002,,PEST(LE)分析,PestleAnalysis,原创设计·几何抽象,PPT图标语义库·咨询框架包,05_诊断工具,政治/经济/社会/技术/法律/环境六大宏观因素,用于宏观环境诊断,PESTLE / 宏观分析,pestle,15,05_诊断工具,"已完成 (PowerPoint 原生 custGeom 形状, Shape Fill 直接改色)",原创设计 · 几何抽象 · 通用商业框架概念 · 非复制任何特定咨询机构视觉资产
DIAG-003,,鱼骨图,Fishbone,原创设计·几何抽象,PPT图标语义库·咨询框架包,05_诊断工具,鱼骨主刺+多侧支的因果分析图,用于根因分析、Ishikawa,鱼骨图 / Ishikawa / 因果,"fishbone, ishikawa",15,05_诊断工具,"已完成 (PowerPoint 原生 custGeom 形状, Shape Fill 直接改色)",原创设计 · 几何抽象 · 通用商业框架概念 · 非复制任何特定咨询机构视觉资产
DIAG-004,,5Why分析,FiveWhy,原创设计·几何抽象,PPT图标语义库·咨询框架包,05_诊断工具,层层向下追问5次根本原因,用于根因分析,5Why / 根因,"five-why, root-cause",15,05_诊断工具,"已完成 (PowerPoint 原生 custGeom 形状, Shape Fill 直接改色)",原创设计 · 几何抽象 · 通用商业框架概念 · 非复制任何特定咨询机构视觉资产
DIAG-005,,二八定律,ParetoPrinciple,原创设计·几何抽象,PPT图标语义库·咨询框架包,05_诊断工具,20%的因贡献80%的果,用于二八分析、关键少数,二八定律 / Pareto,"pareto-principle, 80-20",15,05_诊断工具,"已完成 (PowerPoint 原生 custGeom 形状, Shape Fill 直接改色)",原创设计 · 几何抽象 · 通用商业框架概念 · 非复制任何特定咨询机构视觉资产
DIAG-006,,根因六边形,RootCauseHex,原创设计·几何抽象,PPT图标语义库·咨询框架包,05_诊断工具,嵌套六边形指向核心根因,用于根因聚焦,根因 / Root-Cause,root-cause,15,05_诊断工具,"已完成 (PowerPoint 原生 custGeom 形状, Shape Fill 直接改色)",原创设计 · 几何抽象 · 通用商业框架概念 · 非复制任何特定咨询机构视觉资产
DIAG-007,,议题树,IssueTree,原创设计·几何抽象,PPT图标语义库·咨询框架包,05_诊断工具,MECE分解的议题树,用于MECE问题拆解,议题树 / MECE / Issue-Tree,"issue-tree, mece",15,05_诊断工具,"已完成 (PowerPoint 原生 custGeom 形状, Shape Fill 直接改色)",原创设计 · 几何抽象 · 通用商业框架概念 · 非复制任何特定咨询机构视觉资产
DIAG-008,,思维导图,MindMap,原创设计·几何抽象,PPT图标语义库·咨询框架包,05_诊断工具,中心主题向外辐射的思维导图,用于发散思考,思维导图 / Mind-Map,mind-map,15,05_诊断工具,"已完成 (PowerPoint 原生 custGeom 形状, Shape Fill 直接改色)",原创设计 · 几何抽象 · 通用商业框架概念 · 非复制任何特定咨询机构视觉资产
DIAG-009,,亲和图,AffinityDiagram,原创设计·几何抽象,PPT图标语义库·咨询框架包,05_诊断工具,便签按相似性聚类的KJ法,用于发散后归类,亲和图 / KJ法,"affinity-diagram, kj-method",15,05_诊断工具,"已完成 (PowerPoint 原生 custGeom 形状, Shape Fill 直接改色)",原创设计 · 几何抽象 · 通用商业框架概念 · 非复制任何特定咨询机构视觉资产
DIAG-010,,力场分析,ForceField,原创设计·几何抽象,PPT图标语义库·咨询框架包,05_诊断工具,推动力与阻力对推的力场图,用于变革推动/阻力分析,力场分析 / Force-Field,force-field,15,05_诊断工具,"已完成 (PowerPoint 原生 custGeom 形状, Shape Fill 直接改色)",原创设计 · 几何抽象 · 通用商业框架概念 · 非复制任何特定咨询机构视觉资产
DIAG-011,,艾森豪威尔矩阵,EisenhowerMatrix,原创设计·几何抽象,PPT图标语义库·咨询框架包,05_诊断工具,紧急/不紧急 × 重要/不重要四象限,用于优先级管理,艾森豪威尔 / 紧急重要,"eisenhower, urgent-important",15,05_诊断工具,"已完成 (PowerPoint 原生 custGeom 形状, Shape Fill 直接改色)",原创设计 · 几何抽象 · 通用商业框架概念 · 非复制任何特定咨询机构视觉资产
DIAG-012,,影响-投入矩阵,ImpactEffort,原创设计·几何抽象,PPT图标语义库·咨询框架包,05_诊断工具,高影响低投入的Quick Win象限,用于行动优先级排序,影响投入 / Quick-Win,"impact-effort, quick-win",15,05_诊断工具,"已完成 (PowerPoint 原生 custGeom 形状, Shape Fill 直接改色)",原创设计 · 几何抽象 · 通用商业框架概念 · 非复制任何特定咨询机构视觉资产
DIAG-013,,成本-收益天平,CostBenefitBalance,原创设计·几何抽象,PPT图标语义库·咨询框架包,05_诊断工具,天平左右权衡成本与收益,用于投资决策,成本收益 / 天平,"cost-benefit, balance",15,05_诊断工具,"已完成 (PowerPoint 原生 custGeom 形状, Shape Fill 直接改色)",原创设计 · 几何抽象 · 通用商业框架概念 · 非复制任何特定咨询机构视觉资产
DIAG-014,,相关方洋葱图,StakeholderOnion,原创设计·几何抽象,PPT图标语义库·咨询框架包,05_诊断工具,层层圈层的核心-关注-边缘相关方,用于相关方分层管理,相关方洋葱 / Stakeholder-Onion,stakeholder-onion,15,05_诊断工具,"已完成 (PowerPoint 原生 custGeom 形状, Shape Fill 直接改色)",原创设计 · 几何抽象 · 通用商业框架概念 · 非复制任何特定咨询机构视觉资产
DIAG-015,,价值-成本矩阵,ValueCostMatrix,原创设计·几何抽象,PPT图标语义库·咨询框架包,05_诊断工具,高价值低成本的最优象限,用于功能优先级、特性筛选,价值成本 / Value-Cost,value-cost,15,05_诊断工具,"已完成 (PowerPoint 原生 custGeom 形状, Shape Fill 直接改色)",原创设计 · 几何抽象 · 通用商业框架概念 · 非复制任何特定咨询机构视觉资产
DIAG-016,,五级成熟度,Maturity5,原创设计·几何抽象,PPT图标语义库·咨询框架包,05_诊断工具,初始/可重复/已定义/已管理/已优化五级阶梯,用于能力成熟度评估CMMI,成熟度 / CMMI / 五级,"maturity, cmmi",15,05_诊断工具,"已完成 (PowerPoint 原生 custGeom 形状, Shape Fill 直接改色)",原创设计 · 几何抽象 · 通用商业框架概念 · 非复制任何特定咨询机构视觉资产
DIAG-017,,能力热力图,CapabilityHeatmap,原创设计·几何抽象,PPT图标语义库·咨询框架包,05_诊断工具,能力维度×重要性的色块矩阵,用于能力盘点诊断,能力热力 / Capability-Heatmap,capability-heatmap,15,05_诊断工具,"已完成 (PowerPoint 原生 custGeom 形状, Shape Fill 直接改色)",原创设计 · 几何抽象 · 通用商业框架概念 · 非复制任何特定咨询机构视觉资产
DIAG-018,,差距分析,GapAnalysis,原创设计·几何抽象,PPT图标语义库·咨询框架包,05_诊断工具,现状柱-目标柱+连接箭头的差距图,用于现状到目标的差距识别,差距分析 / Gap-Analysis,gap-analysis,15,05_诊断工具,"已完成 (PowerPoint 原生 custGeom 形状, Shape Fill 直接改色)",原创设计 · 几何抽象 · 通用商业框架概念 · 非复制任何特定咨询机构视觉资产
DIAG-019,,驱动树,DriverTree,原创设计·几何抽象,PPT图标语义库·咨询框架包,05_诊断工具,顶层指标分解为子驱动因素的树,用于KPI分解,驱动树 / Driver-Tree,driver-tree,15,05_诊断工具,"已完成 (PowerPoint 原生 custGeom 形状, Shape Fill 直接改色)",原创设计 · 几何抽象 · 通用商业框架概念 · 非复制任何特定咨询机构视觉资产
DIAG-020,,假设验证,HypothesisTest,原创设计·几何抽象,PPT图标语义库·咨询框架包,05_诊断工具,议题→假设→验证的三步级联,用于假设驱动分析,假设验证 / Hypothesis-Test,hypothesis-test,15,05_诊断工具,"已完成 (PowerPoint 原生 custGeom 形状, Shape Fill 直接改色)",原创设计 · 几何抽象 · 通用商业框架概念 · 非复制任何特定咨询机构视觉资产
CONCEPT-001,,单条S曲线,SCurveSingle,原创设计·几何抽象,PPT图标语义库·咨询框架包,06_战略概念,S形增长曲线代表导入-加速-成熟,用于产品生命周期、技术采用,S曲线 / S-Curve,s-curve,17,06_战略概念,"已完成 (PowerPoint 原生 custGeom 形状, Shape Fill 直接改色)",原创设计 · 几何抽象 · 通用商业框架概念 · 非复制任何特定咨询机构视觉资产
CONCEPT-002,,多重S曲线,MultiSCurves,原创设计·几何抽象,PPT图标语义库·咨询框架包,06_战略概念,前后接续的多重S曲线,用于技术更替、连续突破,多重S / 技术更替,multi-s-curves,17,06_战略概念,"已完成 (PowerPoint 原生 custGeom 形状, Shape Fill 直接改色)",原创设计 · 几何抽象 · 通用商业框架概念 · 非复制任何特定咨询机构视觉资产
CONCEPT-003,,曲棍球棒增长,HockeyStick,原创设计·几何抽象,PPT图标语义库·咨询框架包,06_战略概念,前期平缓后期陡升,用于初创增长、规模化拐点,曲棍球棒 / 陡升,hockey-stick,17,06_战略概念,"已完成 (PowerPoint 原生 custGeom 形状, Shape Fill 直接改色)",原创设计 · 几何抽象 · 通用商业框架概念 · 非复制任何特定咨询机构视觉资产
CONCEPT-004,,引爆点,TippingPoint,原创设计·几何抽象,PPT图标语义库·咨询框架包,06_战略概念,缓升后骤变的临界点,用于临界规模、引爆点识别,引爆点 / Tipping-Point,tipping-point,17,06_战略概念,"已完成 (PowerPoint 原生 custGeom 形状, Shape Fill 直接改色)",原创设计 · 几何抽象 · 通用商业框架概念 · 非复制任何特定咨询机构视觉资产
CONCEPT-005,,网络效应,NetworkEffect,原创设计·几何抽象,PPT图标语义库·咨询框架包,06_战略概念,节点越多连接价值越大,用于平台型业务网络效应,网络效应 / Metcalfe,"network-effect, metcalfe",17,06_战略概念,"已完成 (PowerPoint 原生 custGeom 形状, Shape Fill 直接改色)",原创设计 · 几何抽象 · 通用商业框架概念 · 非复制任何特定咨询机构视觉资产
CONCEPT-006,,飞轮效应,FlywheelConcept,原创设计·几何抽象,PPT图标语义库·咨询框架包,06_战略概念,互相驱动、越转越快的自强化循环,用于商业模式飞轮设计,飞轮 / 自强化,flywheel,17,06_战略概念,"已完成 (PowerPoint 原生 custGeom 形状, Shape Fill 直接改色)",原创设计 · 几何抽象 · 通用商业框架概念 · 非复制任何特定咨询机构视觉资产
CONCEPT-007,,复利增长,CompoundGrowth,原创设计·几何抽象,PPT图标语义库·咨询框架包,06_战略概念,时间加成的指数复利曲线,用于复利、长期投资,复利 / 指数,"compound-growth, exponential",17,06_战略概念,"已完成 (PowerPoint 原生 custGeom 形状, Shape Fill 直接改色)",原创设计 · 几何抽象 · 通用商业框架概念 · 非复制任何特定咨询机构视觉资产
CONCEPT-008,,指数增长,ExponentialGrowth,原创设计·几何抽象,PPT图标语义库·咨询框架包,06_战略概念,曲线斜率随时间陡升,用于指数级增长展示,指数增长,exponential,17,06_战略概念,"已完成 (PowerPoint 原生 custGeom 形状, Shape Fill 直接改色)",原创设计 · 几何抽象 · 通用商业框架概念 · 非复制任何特定咨询机构视觉资产
CONCEPT-009,,对数平台,LogarithmicPlateau,原创设计·几何抽象,PPT图标语义库·咨询框架包,06_战略概念,前期陡升后期趋平的对数曲线,用于学习曲线、报酬递减,对数曲线 / 平台期,"logarithmic, plateau",17,06_战略概念,"已完成 (PowerPoint 原生 custGeom 形状, Shape Fill 直接改色)",原创设计 · 几何抽象 · 通用商业框架概念 · 非复制任何特定咨询机构视觉资产
CONCEPT-010,,钟形曲线,BellCurveConcept,原创设计·几何抽象,PPT图标语义库·咨询框架包,06_战略概念,正态分布钟形曲线,用于绩效分布、概率分布,钟形曲线 / 正态分布,bell-curve,17,06_战略概念,"已完成 (PowerPoint 原生 custGeom 形状, Shape Fill 直接改色)",原创设计 · 几何抽象 · 通用商业框架概念 · 非复制任何特定咨询机构视觉资产
CONCEPT-011,,长尾分布,LongTail,原创设计·几何抽象,PPT图标语义库·咨询框架包,06_战略概念,少量高频+大量低频的长尾,用于长尾市场、小众需求,长尾分布 / Long-Tail,long-tail,17,06_战略概念,"已完成 (PowerPoint 原生 custGeom 形状, Shape Fill 直接改色)",原创设计 · 几何抽象 · 通用商业框架概念 · 非复制任何特定咨询机构视觉资产
CONCEPT-012,,幂律分布,PowerLaw,原创设计·几何抽象,PPT图标语义库·咨询框架包,06_战略概念,陡降后水平延伸的幂律曲线,用于二八现象、马太效应,幂律 / 马太效应,"power-law, matthew-effect",17,06_战略概念,"已完成 (PowerPoint 原生 custGeom 形状, Shape Fill 直接改色)",原创设计 · 几何抽象 · 通用商业框架概念 · 非复制任何特定咨询机构视觉资产
CONCEPT-013,,Cynefin框架,Cynefin,原创设计·几何抽象,PPT图标语义库·咨询框架包,06_战略概念,简单/繁杂/复杂/混乱四种问题域,用于复杂性分类决策,Cynefin / 复杂性,"cynefin, complexity",17,06_战略概念,"已完成 (PowerPoint 原生 custGeom 形状, Shape Fill 直接改色)",原创设计 · 几何抽象 · 通用商业框架概念 · 非复制任何特定咨询机构视觉资产
CONCEPT-014,,Wardley地图,WardleyMap,原创设计·几何抽象,PPT图标语义库·咨询框架包,06_战略概念,可见性×演化阶段的价值链地图,用于Wardley地图战略分析,Wardley / 价值链地图,"wardley, value-chain-map",17,06_战略概念,"已完成 (PowerPoint 原生 custGeom 形状, Shape Fill 直接改色)",原创设计 · 几何抽象 · 通用商业框架概念 · 非复制任何特定咨询机构视觉资产
CONCEPT-015,,OODA循环,OodaConcept,原创设计·几何抽象,PPT图标语义库·咨询框架包,06_战略概念,Observe-Orient-Decide-Act决策循环,用于快速决策环境,OODA,ooda-loop,17,06_战略概念,"已完成 (PowerPoint 原生 custGeom 形状, Shape Fill 直接改色)",原创设计 · 几何抽象 · 通用商业框架概念 · 非复制任何特定咨询机构视觉资产
CONCEPT-016,,冰山模型,Iceberg,原创设计·几何抽象,PPT图标语义库·咨询框架包,06_战略概念,水面上下的可见与隐藏,用于显性vs隐性、表象vs根因,冰山模型 / Iceberg,iceberg,17,06_战略概念,"已完成 (PowerPoint 原生 custGeom 形状, Shape Fill 直接改色)",原创设计 · 几何抽象 · 通用商业框架概念 · 非复制任何特定咨询机构视觉资产
CONCEPT-017,,洋葱模型,OnionLayers,原创设计·几何抽象,PPT图标语义库·咨询框架包,06_战略概念,层层包裹的洋葱结构,用于核心-表层结构分析,洋葱模型,onion-model,17,06_战略概念,"已完成 (PowerPoint 原生 custGeom 形状, Shape Fill 直接改色)",原创设计 · 几何抽象 · 通用商业框架概念 · 非复制任何特定咨询机构视觉资产
CONCEPT-018,,六边形架构,HexArchitecture,原创设计·几何抽象,PPT图标语义库·咨询框架包,06_战略概念,嵌套六边形象征模块化架构,用于六边形架构、模块化设计,六边形架构,hexagonal-architecture,17,06_战略概念,"已完成 (PowerPoint 原生 custGeom 形状, Shape Fill 直接改色)",原创设计 · 几何抽象 · 通用商业框架概念 · 非复制任何特定咨询机构视觉资产
CONCEPT-019,,需求金字塔,MaslowPyramid,原创设计·几何抽象,PPT图标语义库·咨询框架包,06_战略概念,生理/安全/社交/尊重/自我实现五级,用于需求层次分析,需求金字塔 / Maslow,"maslow, needs-pyramid",17,06_战略概念,"已完成 (PowerPoint 原生 custGeom 形状, Shape Fill 直接改色)",原创设计 · 几何抽象 · 通用商业框架概念 · 非复制任何特定咨询机构视觉资产
CONCEPT-020,,因果回路,CausalLoop,原创设计·几何抽象,PPT图标语义库·咨询框架包,06_战略概念,节点间形成闭环的因果链,用于系统动力学,因果回路 / Causal-Loop,causal-loop,17,06_战略概念,"已完成 (PowerPoint 原生 custGeom 形状, Shape Fill 直接改色)",原创设计 · 几何抽象 · 通用商业框架概念 · 非复制任何特定咨询机构视觉资产
CONCEPT-021,,存量流量,StockFlow,原创设计·几何抽象,PPT图标语义库·咨询框架包,06_战略概念,盒子是存量、箭头是流量,用于系统动力学建模,存量流量 / Stock-Flow,stock-flow,17,06_战略概念,"已完成 (PowerPoint 原生 custGeom 形状, Shape Fill 直接改色)",原创设计 · 几何抽象 · 通用商业框架概念 · 非复制任何特定咨询机构视觉资产
CONCEPT-022,,增强回路,ReinforcingLoop,原创设计·几何抽象,PPT图标语义库·咨询框架包,06_战略概念,正反馈相互强化的增强环R,用于复利型系统,增强回路 / R-Loop,reinforcing-loop,17,06_战略概念,"已完成 (PowerPoint 原生 custGeom 形状, Shape Fill 直接改色)",原创设计 · 几何抽象 · 通用商业框架概念 · 非复制任何特定咨询机构视觉资产
CONCEPT-023,,调节回路,BalancingLoop,原创设计·几何抽象,PPT图标语义库·咨询框架包,06_战略概念,负反馈带回稳态的调节环B,用于稳态系统、反馈控制,调节回路 / B-Loop,balancing-loop,17,06_战略概念,"已完成 (PowerPoint 原生 custGeom 形状, Shape Fill 直接改色)",原创设计 · 几何抽象 · 通用商业框架概念 · 非复制任何特定咨询机构视觉资产
CONCEPT-024,,瓶颈,Bottleneck,原创设计·几何抽象,PPT图标语义库·咨询框架包,06_战略概念,管道中间收窄的瓶颈,用于约束理论TOC,瓶颈 / Bottleneck / 约束,"bottleneck, constraint",17,06_战略概念,"已完成 (PowerPoint 原生 custGeom 形状, Shape Fill 直接改色)",原创设计 · 几何抽象 · 通用商业框架概念 · 非复制任何特定咨询机构视觉资产
CONCEPT-025,,管道吞吐,PipelineThroughput,原创设计·几何抽象,PPT图标语义库·咨询框架包,06_战略概念,管道内匀速流动的小球,用于吞吐量、产能分析,管道吞吐 / Throughput,pipeline-throughput,18,06_战略概念,"已完成 (PowerPoint 原生 custGeom 形状, Shape Fill 直接改色)",原创设计 · 几何抽象 · 通用商业框架概念 · 非复制任何特定咨询机构视觉资产
CONCEPT-026,,临界质量,CriticalMass,原创设计·几何抽象,PPT图标语义库·咨询框架包,06_战略概念,积聚到临界点引发反应,用于规模门槛、临界点,临界质量 / Critical-Mass,critical-mass,18,06_战略概念,"已完成 (PowerPoint 原生 custGeom 形状, Shape Fill 直接改色)",原创设计 · 几何抽象 · 通用商业框架概念 · 非复制任何特定咨询机构视觉资产
CONCEPT-027,,滚雪球,Snowball,原创设计·几何抽象,PPT图标语义库·咨询框架包,06_战略概念,越滚越大的雪球,用于复利积累、滚雪球效应,滚雪球 / Snowball,snowball,18,06_战略概念,"已完成 (PowerPoint 原生 custGeom 形状, Shape Fill 直接改色)",原创设计 · 几何抽象 · 通用商业框架概念 · 非复制任何特定咨询机构视觉资产
CONCEPT-028,,连锁反应,ChainReaction,原创设计·几何抽象,PPT图标语义库·咨询框架包,06_战略概念,节点依次触发的连锁反应,用于连锁触发、级联效应,连锁反应 / Chain-Reaction,chain-reaction,18,06_战略概念,"已完成 (PowerPoint 原生 custGeom 形状, Shape Fill 直接改色)",原创设计 · 几何抽象 · 通用商业框架概念 · 非复制任何特定咨询机构视觉资产
CONCEPT-029,,多米诺效应,DominoEffect,原创设计·几何抽象,PPT图标语义库·咨询框架包,06_战略概念,前一块倒下推倒后一块,用于多米诺骨牌式连锁,多米诺 / Domino,domino-effect,18,06_战略概念,"已完成 (PowerPoint 原生 custGeom 形状, Shape Fill 直接改色)",原创设计 · 几何抽象 · 通用商业框架概念 · 非复制任何特定咨询机构视觉资产
CONCEPT-030,,韧性反弹,Resilience,原创设计·几何抽象,PPT图标语义库·咨询框架包,06_战略概念,下挫后快速反弹回原水平,用于韧性、抗压能力,韧性 / Resilience,resilience,18,06_战略概念,"已完成 (PowerPoint 原生 custGeom 形状, Shape Fill 直接改色)",原创设计 · 几何抽象 · 通用商业框架概念 · 非复制任何特定咨询机构视觉资产
CONCEPT-031,,反脆弱,Antifragile,原创设计·几何抽象,PPT图标语义库·咨询框架包,06_战略概念,经历震荡后反而上升,用于反脆弱系统,反脆弱 / Antifragile,antifragile,18,06_战略概念,"已完成 (PowerPoint 原生 custGeom 形状, Shape Fill 直接改色)",原创设计 · 几何抽象 · 通用商业框架概念 · 非复制任何特定咨询机构视觉资产
CONCEPT-032,,战略转向,PivotConcept,原创设计·几何抽象,PPT图标语义库·咨询框架包,06_战略概念,90度急转直上,用于业务转型Pivot,转向 / Pivot,pivot,18,06_战略概念,"已完成 (PowerPoint 原生 custGeom 形状, Shape Fill 直接改色)",原创设计 · 几何抽象 · 通用商业框架概念 · 非复制任何特定咨询机构视觉资产
CONCEPT-033,,拐点,InflectionConcept,原创设计·几何抽象,PPT图标语义库·咨询框架包,06_战略概念,斜率突变的关键拐点,用于业务拐点识别,拐点 / Inflection,inflection-point,18,06_战略概念,"已完成 (PowerPoint 原生 custGeom 形状, Shape Fill 直接改色)",原创设计 · 几何抽象 · 通用商业框架概念 · 非复制任何特定咨询机构视觉资产
CONCEPT-034,,路径分叉,Bifurcation,原创设计·几何抽象,PPT图标语义库·咨询框架包,06_战略概念,一条路径分叉成两条,用于战略分叉决策,分叉 / Bifurcation,bifurcation,18,06_战略概念,"已完成 (PowerPoint 原生 custGeom 形状, Shape Fill 直接改色)",原创设计 · 几何抽象 · 通用商业框架概念 · 非复制任何特定咨询机构视觉资产
CONCEPT-035,,收敛汇聚,Convergence,原创设计·几何抽象,PPT图标语义库·咨询框架包,06_战略概念,多条路径汇合到一点,用于趋势收敛、整合,收敛 / Convergence,convergence,18,06_战略概念,"已完成 (PowerPoint 原生 custGeom 形状, Shape Fill 直接改色)",原创设计 · 几何抽象 · 通用商业框架概念 · 非复制任何特定咨询机构视觉资产
CONCEPT-036,,平台突破,PlateauBreakthrough,原创设计·几何抽象,PPT图标语义库·咨询框架包,06_战略概念,平台期之后陡然突破,用于突破型增长,平台突破 / Breakthrough,breakthrough,18,06_战略概念,"已完成 (PowerPoint 原生 custGeom 形状, Shape Fill 直接改色)",原创设计 · 几何抽象 · 通用商业框架概念 · 非复制任何特定咨询机构视觉资产
CONCEPT-037,,天花板地板,CeilingFloor,原创设计·几何抽象,PPT图标语义库·咨询框架包,06_战略概念,上下边界限制住的波动,用于区间震荡、阻力支撑,天花板地板 / Ceiling-Floor,ceiling-floor,18,06_战略概念,"已完成 (PowerPoint 原生 custGeom 形状, Shape Fill 直接改色)",原创设计 · 几何抽象 · 通用商业框架概念 · 非复制任何特定咨询机构视觉资产
CONCEPT-038,,J曲线,JCurve,原创设计·几何抽象,PPT图标语义库·咨询框架包,06_战略概念,先下沉后大幅上升,用于变革阵痛后回升,J曲线 / J-Curve,j-curve,18,06_战略概念,"已完成 (PowerPoint 原生 custGeom 形状, Shape Fill 直接改色)",原创设计 · 几何抽象 · 通用商业框架概念 · 非复制任何特定咨询机构视觉资产
CONCEPT-039,,U曲线,UCurve,原创设计·几何抽象,PPT图标语义库·咨询框架包,06_战略概念,先降后升的U形,用于学习曲线、变革阶段,U曲线 / U-Curve,u-curve,18,06_战略概念,"已完成 (PowerPoint 原生 custGeom 形状, Shape Fill 直接改色)",原创设计 · 几何抽象 · 通用商业框架概念 · 非复制任何特定咨询机构视觉资产
CONCEPT-040,,逻辑斯蒂曲线,LogisticCurve,原创设计·几何抽象,PPT图标语义库·咨询框架包,06_战略概念,S形封顶的逻辑斯蒂增长,用于市场渗透、采纳率,逻辑斯蒂 / Logistic,logistic-curve,18,06_战略概念,"已完成 (PowerPoint 原生 custGeom 形状, Shape Fill 直接改色)",原创设计 · 几何抽象 · 通用商业框架概念 · 非复制任何特定咨询机构视觉资产
